run_id,validation_version,condition,seed,topology,episodes_total,window_early,window_late,median_early_ht,median_late_ht,ratio_early_over_late,ht_slope_theilsen,entropy_slope_theilsen,cliffs_delta_ht,mannwhitney_u_pvalue,pass_strong_per_seed_acceleration,p_improve,validation_role
v1_baseline_s1,v1,baseline,1,random_regular,100,1-20,81-100,70.0,57.0,1.2280701754385965,0.22403547458002784,0.002365445095830358,-0.1475,0.43268824710436027,False,0.75,exploratory_sanity
v1_baseline_s2,v1,baseline,2,random_regular,100,1-20,81-100,25.0,28.5,0.8771929824561403,0.07490784059286178,-0.00010441058143295355,0.0625,0.7453446114386557,False,0.45,exploratory_sanity
v1_baseline_s3,v1,baseline,3,random_regular,100,1-20,81-100,45.5,51.0,0.8921568627450981,0.1340747541518215,-0.0004726991944677996,0.0475,0.8076119536215991,False,0.4,exploratory_sanity
v1_baseline_s4,v1,baseline,4,random_regular,100,1-20,81-100,23.0,30.0,0.7666666666666667,0.17858828718245598,0.00013629762837775127,0.0325,0.8710272120126394,False,0.45,exploratory_sanity
v1_baseline_s5,v1,baseline,5,random_regular,100,1-20,81-100,35.0,37.5,0.9333333333333333,0.23127635971744895,0.005754874071334911,0.04,0.8391652309039085,False,0.5,exploratory_sanity
v1_high_decay_s1,v1,high_decay,1,random_regular,100,1-20,81-100,33.5,33.0,1.0151515151515151,0.3211911685781267,0.0035046211046587837,0.1,0.5977594679329428,False,0.5,exploratory_sanity
v1_high_decay_s2,v1,high_decay,2,random_regular,100,1-20,81-100,48.0,71.0,0.676056338028169,0.5765734641960918,0.006805885692910578,0.2175,0.24467855698058216,False,0.35,exploratory_sanity
v1_high_decay_s3,v1,high_decay,3,random_regular,100,1-20,81-100,71.0,49.0,1.4489795918367347,-0.06349533761680738,-0.006682229213431251,-0.1975,0.291423971942917,True,0.65,exploratory_sanity
v1_high_decay_s4,v1,high_decay,4,random_regular,100,1-20,81-100,50.5,29.5,1.7118644067796611,0.1416429033632357,-0.005570473053108005,-0.1025,0.5881561052471502,False,0.6,exploratory_sanity
v1_high_decay_s5,v1,high_decay,5,random_regular,100,1-20,81-100,32.0,30.0,1.0666666666666667,0.3230915757316927,-0.0002787848623744486,0.0925,0.6260850509811661,False,0.5,exploratory_sanity
v1_no_evolution_s1,v1,no_evolution,1,random_regular,100,1-20,81-100,33.5,61.0,0.5491803278688525,0.34926543766821144,0.003778782066532755,0.2575,0.16764409274743663,False,0.3,exploratory_sanity
v1_no_evolution_s2,v1,no_evolution,2,random_regular,100,1-20,81-100,48.0,71.0,0.676056338028169,0.5429078754222357,0.006326453468178589,0.19,0.3103114622692137,False,0.45,exploratory_sanity
v1_no_evolution_s3,v1,no_evolution,3,random_regular,100,1-20,81-100,71.0,59.0,1.2033898305084745,-0.1010930230273898,-0.006062387485310731,-0.145,0.44068556978992557,False,0.55,exploratory_sanity
v1_no_evolution_s4,v1,no_evolution,4,random_regular,100,1-20,81-100,50.5,42.0,1.2023809523809523,0.08562466756605298,-0.003147715900131994,-0.1,0.5977250838743395,False,0.55,exploratory_sanity
v1_no_evolution_s5,v1,no_evolution,5,random_regular,100,1-20,81-100,38.5,54.5,0.7064220183486238,0.12128177727263721,-0.0027092779231994942,0.09,0.6358019256449985,False,0.35,exploratory_sanity
v1_random_evolution_s1,v1,random_evolution,1,random_regular,100,1-20,81-100,44.5,49.0,0.9081632653061225,0.10916209579424924,-0.00015996083679699382,-0.025,0.9029487527357137,False,0.45,exploratory_sanity
v1_random_evolution_s2,v1,random_evolution,2,random_regular,100,1-20,81-100,65.0,41.0,1.5853658536585367,0.043505540886245496,-0.006968062944507411,-0.0975,0.6072351925034281,False,0.65,exploratory_sanity
v1_random_evolution_s3,v1,random_evolution,3,random_regular,100,1-20,81-100,42.0,55.0,0.7636363636363637,0.023702390273256654,-0.0016336468386651149,0.1025,0.5884188761994305,False,0.4,exploratory_sanity
v1_random_evolution_s4,v1,random_evolution,4,random_regular,100,1-20,81-100,17.0,32.0,0.53125,0.5359270932146399,0.015052955516540713,0.24,0.19864486774453838,False,0.3,exploratory_sanity
v1_random_evolution_s5,v1,random_evolution,5,random_regular,100,1-20,81-100,53.0,22.0,2.409090909090909,-0.0009728264476995671,-0.004407690641051452,-0.29,0.1197687369635252,True,0.7,exploratory_sanity
v1_beta_0.5_lambda_0.01_mu_0.0_s42,v1,beta_0.5_lambda_0.01_mu_0.0,42,random_regular,100,1-20,81-100,30.5,27.0,1.1296296296296295,0.11209492259818389,-0.0016641993064831701,0.0,1.0,False,0.55,exploratory_sanity
v1_beta_0.5_lambda_0.01_mu_0.01_s42,v1,beta_0.5_lambda_0.01_mu_0.01,42,random_regular,100,1-20,81-100,28.5,27.5,1.0363636363636364,0.0693690758290116,-0.0006783893526342803,-0.0075,0.9784045879416203,False,0.5,exploratory_sanity
v1_beta_0.5_lambda_0.01_mu_0.05_s42,v1,beta_0.5_lambda_0.01_mu_0.05,42,random_regular,100,1-20,81-100,28.5,19.0,1.5,0.061191144222113705,-0.001135406390795966,-0.1175,0.5333422462962587,False,0.6,exploratory_sanity
v1_beta_0.5_lambda_0.05_mu_0.0_s42,v1,beta_0.5_lambda_0.05_mu_0.0,42,random_regular,100,1-20,81-100,27.0,15.0,1.8,0.15143878429002405,0.0020895220062072343,-0.1775,0.34333415732772943,False,0.55,exploratory_sanity
v1_beta_0.5_lambda_0.05_mu_0.01_s42,v1,beta_0.5_lambda_0.05_mu_0.01,42,random_regular,100,1-20,81-100,20.5,29.5,0.6949152542372882,0.13532163391469798,0.00017114916241947376,0.07,0.7148775470789557,False,0.4,exploratory_sanity
v1_beta_0.5_lambda_0.05_mu_0.05_s42,v1,beta_0.5_lambda_0.05_mu_0.05,42,random_regular,100,1-20,81-100,29.0,19.0,1.5263157894736843,0.11698820588975764,-0.0004707888481989345,-0.055,0.7761348368500894,False,0.55,exploratory_sanity
v1_beta_0.5_lambda_0.1_mu_0.0_s42,v1,beta_0.5_lambda_0.1_mu_0.0,42,random_regular,100,1-20,81-100,38.5,46.5,0.8279569892473119,0.1682228162890554,0.0025794403884148477,0.0225,0.91379244578501,False,0.45,exploratory_sanity
v1_beta_0.5_lambda_0.1_mu_0.01_s42,v1,beta_0.5_lambda_0.1_mu_0.01,42,random_regular,100,1-20,81-100,31.0,32.5,0.9538461538461539,0.07956815948276753,-0.0023075180791695777,-0.06,0.7556651472236434,False,0.5,exploratory_sanity
v1_beta_0.5_lambda_0.1_mu_0.05_s42,v1,beta_0.5_lambda_0.1_mu_0.05,42,random_regular,100,1-20,81-100,30.5,17.5,1.7428571428571429,0.0167126432594194,-0.0037374844583057303,-0.1875,0.3165570160747231,False,0.7,exploratory_sanity
v1_beta_1.0_lambda_0.01_mu_0.0_s42,v1,beta_1.0_lambda_0.01_mu_0.0,42,random_regular,100,1-20,81-100,28.5,69.5,0.41007194244604317,0.39320393139877835,0.006429362341415222,0.2625,0.15948593159481628,False,0.25,exploratory_sanity
v1_beta_1.0_lambda_0.01_mu_0.01_s42,v1,beta_1.0_lambda_0.01_mu_0.01,42,random_regular,100,1-20,81-100,26.5,20.0,1.325,0.0357028571938839,-0.003092862097340787,-0.0975,0.6070158162590586,False,0.7,exploratory_sanity
v1_beta_1.0_lambda_0.01_mu_0.05_s42,v1,beta_1.0_lambda_0.01_mu_0.05,42,random_regular,100,1-20,81-100,26.5,20.0,1.325,0.0357028571938839,-0.0031765490708014084,-0.0975,0.6070158162590586,False,0.7,exploratory_sanity
v1_beta_1.0_lambda_0.05_mu_0.0_s42,v1,beta_1.0_lambda_0.05_mu_0.0,42,random_regular,100,1-20,81-100,33.5,28.5,1.1754385964912282,-0.13457160187707154,-0.004256252777588987,-0.1425,0.4485958713854147,False,0.55,exploratory_sanity
v1_beta_1.0_lambda_0.05_mu_0.01_s42,v1,beta_1.0_lambda_0.05_mu_0.01,42,random_regular,100,1-20,81-100,33.5,50.0,0.67,0.35018617396333535,0.004189305232340961,0.13,0.49000837060497815,False,0.45,exploratory_sanity
v1_beta_1.0_lambda_0.05_mu_0.05_s42,v1,beta_1.0_lambda_0.05_mu_0.05,42,random_regular,100,1-20,81-100,26.5,17.5,1.5142857142857142,0.15625557418324762,-0.00038977028455845065,-0.105,0.5788976743531136,False,0.7,exploratory_sanity
v1_beta_1.0_lambda_0.1_mu_0.0_s42,v1,beta_1.0_lambda_0.1_mu_0.0,42,random_regular,100,1-20,81-100,33.5,32.5,1.0307692307692307,0.21465861696249736,0.005105306554040673,-0.04,0.8391801230647081,False,0.5,exploratory_sanity
v1_beta_1.0_lambda_0.1_mu_0.01_s42,v1,beta_1.0_lambda_0.1_mu_0.01,42,random_regular,100,1-20,81-100,66.0,65.5,1.0076335877862594,0.24254545705666491,-0.003029136821817047,-0.0425,0.8286120863352117,False,0.5,exploratory_sanity
v1_beta_1.0_lambda_0.1_mu_0.05_s42,v1,beta_1.0_lambda_0.1_mu_0.05,42,random_regular,100,1-20,81-100,28.5,19.0,1.5,-0.024093166170014838,-0.006512762571818793,-0.2175,0.24447924499561646,True,0.75,exploratory_sanity
v1_beta_1.5_lambda_0.01_mu_0.0_s42,v1,beta_1.5_lambda_0.01_mu_0.0,42,random_regular,100,1-20,81-100,60.0,89.5,0.6703910614525139,0.568915331337974,0.0014764415765179206,0.0775,0.6848553703192988,False,0.2,exploratory_sanity
v1_beta_1.5_lambda_0.01_mu_0.01_s42,v1,beta_1.5_lambda_0.01_mu_0.01,42,random_regular,100,1-20,81-100,62.5,63.5,0.984251968503937,0.38291482313071856,3.874679065118005e-05,-0.0875,0.6455763469784936,False,0.5,exploratory_sanity
v1_beta_1.5_lambda_0.01_mu_0.05_s42,v1,beta_1.5_lambda_0.01_mu_0.05,42,random_regular,100,1-20,81-100,76.5,73.0,1.047945205479452,0.3786060754242844,0.0014312609614482547,-0.0525,0.7867456471283917,False,0.55,exploratory_sanity
v1_beta_1.5_lambda_0.05_mu_0.0_s42,v1,beta_1.5_lambda_0.05_mu_0.0,42,random_regular,100,1-20,81-100,82.0,44.5,1.8426966292134832,-0.11587022828594043,-0.00583249449123253,-0.2225,0.2339223775426914,True,0.65,exploratory_sanity
v1_beta_1.5_lambda_0.05_mu_0.01_s42,v1,beta_1.5_lambda_0.05_mu_0.01,42,random_regular,100,1-20,81-100,88.5,100.0,0.885,0.28195060392525856,-0.0022978291647565065,-0.0425,0.8286595864682549,False,0.5,exploratory_sanity
v1_beta_1.5_lambda_0.05_mu_0.05_s42,v1,beta_1.5_lambda_0.05_mu_0.05,42,random_regular,100,1-20,81-100,113.5,97.0,1.1701030927835052,-0.5210553666300675,-0.007215589892302751,-0.2075,0.26724991550660016,False,0.5,exploratory_sanity
v1_beta_1.5_lambda_0.1_mu_0.0_s42,v1,beta_1.5_lambda_0.1_mu_0.0,42,random_regular,100,1-20,81-100,94.0,25.5,3.6862745098039214,-0.516983269482143,-0.004376073831624765,-0.6375,0.0005903578486184083,True,0.95,exploratory_sanity
v1_beta_1.5_lambda_0.1_mu_0.01_s42,v1,beta_1.5_lambda_0.1_mu_0.01,42,random_regular,100,1-20,81-100,91.0,63.5,1.4330708661417322,0.07664372835472263,-0.001743426353277892,-0.1575,0.4016761650824291,False,0.65,exploratory_sanity
v1_beta_1.5_lambda_0.1_mu_0.05_s42,v1,beta_1.5_lambda_0.1_mu_0.05,42,random_regular,100,1-20,81-100,145.0,72.0,2.013888888888889,-9.054992273984478e-05,-0.00929126361201514,-0.2775,0.1367787233744998,True,0.85,exploratory_sanity
