condition,topology,validation_role,n_seeds,strong_accel_pass_rate,median_ht_slope,iqr_ht_slope,median_cliffs_delta,iqr_cliffs_delta,median_ratio_early_over_late,iqr_ratio,median_entropy_slope,iqr_entropy_slope,median_p_improve,iqr_p_improve,trend_strength,behavior_matches_expectation,population_trend_detected,explanation_confidence
baseline,random_regular,exploratory_sanity,5,0.0,0.17858828718245598,0.08996072042820635,0.04,0.015,0.8921568627450981,0.056140350877193046,0.00013629762837775127,0.0024698556772633114,0.45,0.04999999999999999,strong,False,False,inconclusive
beta_0.5_lambda_0.01_mu_0.0,random_regular,exploratory_sanity,1,0.0,0.11209492259818389,0.0,0.0,0.0,1.1296296296296295,0.0,-0.0016641993064831701,0.0,0.55,0.0,strong,False,False,inconclusive
beta_0.5_lambda_0.01_mu_0.01,random_regular,exploratory_sanity,1,0.0,0.0693690758290116,0.0,-0.0075,0.0,1.0363636363636364,0.0,-0.0006783893526342803,0.0,0.5,0.0,strong,False,False,inconclusive
beta_0.5_lambda_0.01_mu_0.05,random_regular,exploratory_sanity,1,0.0,0.061191144222113705,0.0,-0.1175,0.0,1.5,0.0,-0.001135406390795966,0.0,0.6,0.0,strong,False,False,inconclusive
beta_0.5_lambda_0.05_mu_0.0,random_regular,exploratory_sanity,1,0.0,0.15143878429002405,0.0,-0.1775,0.0,1.8,0.0,0.0020895220062072343,0.0,0.55,0.0,strong,False,False,inconclusive
beta_0.5_lambda_0.05_mu_0.01,random_regular,exploratory_sanity,1,0.0,0.13532163391469798,0.0,0.07,0.0,0.6949152542372882,0.0,0.00017114916241947376,0.0,0.4,0.0,strong,False,False,inconclusive
beta_0.5_lambda_0.05_mu_0.05,random_regular,exploratory_sanity,1,0.0,0.11698820588975764,0.0,-0.055,0.0,1.5263157894736843,0.0,-0.0004707888481989345,0.0,0.55,0.0,strong,False,False,inconclusive
beta_0.5_lambda_0.1_mu_0.0,random_regular,exploratory_sanity,1,0.0,0.1682228162890554,0.0,0.0225,0.0,0.8279569892473119,0.0,0.0025794403884148477,0.0,0.45,0.0,strong,False,False,inconclusive
beta_0.5_lambda_0.1_mu_0.01,random_regular,exploratory_sanity,1,0.0,0.07956815948276753,0.0,-0.06,0.0,0.9538461538461539,0.0,-0.0023075180791695777,0.0,0.5,0.0,strong,False,False,inconclusive
beta_0.5_lambda_0.1_mu_0.05,random_regular,exploratory_sanity,1,0.0,0.0167126432594194,0.0,-0.1875,0.0,1.7428571428571429,0.0,-0.0037374844583057303,0.0,0.7,0.0,moderate,False,False,moderate confidence
beta_1.0_lambda_0.01_mu_0.0,random_regular,exploratory_sanity,1,0.0,0.39320393139877835,0.0,0.2625,0.0,0.41007194244604317,0.0,0.006429362341415222,0.0,0.25,0.0,strong,False,False,inconclusive
beta_1.0_lambda_0.01_mu_0.01,random_regular,exploratory_sanity,1,0.0,0.0357028571938839,0.0,-0.0975,0.0,1.325,0.0,-0.003092862097340787,0.0,0.7,0.0,moderate,False,False,moderate confidence
beta_1.0_lambda_0.01_mu_0.05,random_regular,exploratory_sanity,1,0.0,0.0357028571938839,0.0,-0.0975,0.0,1.325,0.0,-0.0031765490708014084,0.0,0.7,0.0,moderate,False,False,moderate confidence
beta_1.0_lambda_0.05_mu_0.0,random_regular,exploratory_sanity,1,0.0,-0.13457160187707154,0.0,-0.1425,0.0,1.1754385964912282,0.0,-0.004256252777588987,0.0,0.55,0.0,strong,True,False,inconclusive
beta_1.0_lambda_0.05_mu_0.01,random_regular,exploratory_sanity,1,0.0,0.35018617396333535,0.0,0.13,0.0,0.67,0.0,0.004189305232340961,0.0,0.45,0.0,strong,False,False,inconclusive
beta_1.0_lambda_0.05_mu_0.05,random_regular,exploratory_sanity,1,0.0,0.15625557418324762,0.0,-0.105,0.0,1.5142857142857142,0.0,-0.00038977028455845065,0.0,0.7,0.0,strong,False,False,inconclusive
beta_1.0_lambda_0.1_mu_0.0,random_regular,exploratory_sanity,1,0.0,0.21465861696249736,0.0,-0.04,0.0,1.0307692307692307,0.0,0.005105306554040673,0.0,0.5,0.0,strong,False,False,inconclusive
beta_1.0_lambda_0.1_mu_0.01,random_regular,exploratory_sanity,1,0.0,0.24254545705666491,0.0,-0.0425,0.0,1.0076335877862594,0.0,-0.003029136821817047,0.0,0.5,0.0,strong,False,False,inconclusive
beta_1.0_lambda_0.1_mu_0.05,random_regular,exploratory_sanity,1,1.0,-0.024093166170014838,0.0,-0.2175,0.0,1.5,0.0,-0.006512762571818793,0.0,0.75,0.0,moderate,True,False,moderate confidence
beta_1.5_lambda_0.01_mu_0.0,random_regular,exploratory_sanity,1,0.0,0.568915331337974,0.0,0.0775,0.0,0.6703910614525139,0.0,0.0014764415765179206,0.0,0.2,0.0,strong,False,False,inconclusive
beta_1.5_lambda_0.01_mu_0.01,random_regular,exploratory_sanity,1,0.0,0.38291482313071856,0.0,-0.0875,0.0,0.984251968503937,0.0,3.874679065118005e-05,0.0,0.5,0.0,strong,False,False,inconclusive
beta_1.5_lambda_0.01_mu_0.05,random_regular,exploratory_sanity,1,0.0,0.3786060754242844,0.0,-0.0525,0.0,1.047945205479452,0.0,0.0014312609614482547,0.0,0.55,0.0,strong,False,False,inconclusive
beta_1.5_lambda_0.05_mu_0.0,random_regular,exploratory_sanity,1,1.0,-0.11587022828594043,0.0,-0.2225,0.0,1.8426966292134832,0.0,-0.00583249449123253,0.0,0.65,0.0,strong,True,False,inconclusive
beta_1.5_lambda_0.05_mu_0.01,random_regular,exploratory_sanity,1,0.0,0.28195060392525856,0.0,-0.0425,0.0,0.885,0.0,-0.0022978291647565065,0.0,0.5,0.0,strong,False,False,inconclusive
beta_1.5_lambda_0.05_mu_0.05,random_regular,exploratory_sanity,1,0.0,-0.5210553666300675,0.0,-0.2075,0.0,1.1701030927835052,0.0,-0.007215589892302751,0.0,0.5,0.0,strong,True,False,inconclusive
beta_1.5_lambda_0.1_mu_0.0,random_regular,exploratory_sanity,1,1.0,-0.516983269482143,0.0,-0.6375,0.0,3.6862745098039214,0.0,-0.004376073831624765,0.0,0.95,0.0,strong,True,False,inconclusive
beta_1.5_lambda_0.1_mu_0.01,random_regular,exploratory_sanity,1,0.0,0.07664372835472263,0.0,-0.1575,0.0,1.4330708661417322,0.0,-0.001743426353277892,0.0,0.65,0.0,strong,False,False,inconclusive
beta_1.5_lambda_0.1_mu_0.05,random_regular,exploratory_sanity,1,1.0,-9.054992273984478e-05,0.0,-0.2775,0.0,2.013888888888889,0.0,-0.00929126361201514,0.0,0.85,0.0,strong,False,False,inconclusive
high_decay,random_regular,exploratory_sanity,5,0.2,0.3211911685781267,0.18144867236845702,0.0925,0.2025,1.0666666666666667,0.4338280766852196,-0.0002787848623744486,0.009075094157766788,0.5,0.09999999999999998,strong,True,False,inconclusive
no_evolution,random_regular,exploratory_sanity,5,0.0,0.12128177727263721,0.2636407701021585,0.09,0.29000000000000004,0.7064220183486238,0.5263246143527833,-0.0027092779231994942,0.0069264979666647485,0.45,0.20000000000000007,strong,True,False,inconclusive
random_evolution,random_regular,exploratory_sanity,5,0.2,0.043505540886245496,0.08545970552099258,-0.025,0.2,0.9081632653061225,0.821729490022173,-0.0016336468386651149,0.004247729804254459,0.45,0.25,moderate,True,False,moderate confidence
